ID,父ID,数据类型,数据地区,数据所属菜单,数据来源,数据描述,日期,更新时间,00:00,00:15,00:30,00:45,01:00,01:15,01:30,01:45,02:00,02:15,02:30,02:45,03:00,03:15,03:30,03:45,04:00,04:15,04:30,04:45,05:00,05:15,05:30,05:45,06:00,06:15,06:30,06:45,07:00,07:15,07:30,07:45,08:00,08:15,08:30,08:45,09:00,09:15,09:30,09:45,10:00,10:15,10:30,10:45,11:00,11:15,11:30,11:45,12:00,12:15,12:30,12:45,13:00,13:15,13:30,13:45,14:00,14:15,14:30,14:45,15:00,15:15,15:30,15:45,16:00,16:15,16:30,16:45,17:00,17:15,17:30,17:45,18:00,18:15,18:30,18:45,19:00,19:15,19:30,19:45,20:00,20:15,20:30,20:45,21:00,21:15,21:30,21:45,22:00,22:15,22:30,22:45,23:00,23:15,23:30,23:45,24:00
2012008697442709506,2012008693068050434,发电能力(MW),,江苏省交易中心数据-分省可再生能源发电能力预测,,,2026-01-02,Fri Jan 16 11:47:08 CST 2026,,15011,15265,15511,15746,15993,16226,16453,16681,16866,17037,17203,17368,17482,17598,17689,17774,17833,17870,17899,17921,17899,17862,17811,17749,17673,17554,17443,17316,17290,17363,17679,18151,18740,19394,20160,20945,21585,22185,22632,23031,23374,23691,23840,23922,24000,24004,23911,23740,23598,23356,23103,22737,22343,21901,21367,20790,20108,19418,18610,17630,16547,15433,14383,13327,12306,11372,10610,10065,9692,9467,9235,8991,8744,8498,8243,7996,7757,7527,7315,7102,6909,6721,6539,6348,6179,6032,5898,5761,5652,5561,5465,5375,5293,5210,5133,5081
2012008801570500609,2012008797279727617,发电能力(MW),,江苏省交易中心数据-分省可再生能源发电能力预测,,,2026-01-03,Fri Jan 16 11:47:33 CST 2026,,3791,3813,3832,3848,3859,3865,3859,3861,3851,3834,3817,3794,3754,3714,3668,3622,3569,3515,3461,3416,3362,3315,3266,3218,3183,3155,3129,3107,3222,3488,4021,4727,5579,6486,7512,8521,9387,10143,10799,11360,11898,12373,12720,12964,13221,13377,13427,13423,13415,13277,13082,12780,12441,12015,11538,10991,10314,9671,8895,7939,6896,5804,4755,3710,2787,1996,1424,1060,918,913,917,919,928,944,961,981,1008,1042,1074,1105,1138,1178,1217,1260,1303,1350,1397,1446,1486,1527,1567,1600,1621,1628,1632,1628
2012008873267933186,2012008869061046274,发电能力(MW),,江苏省交易中心数据-分省可再生能源发电能力预测,,,2026-01-04,Fri Jan 16 11:47:50 CST 2026,,1481,1475,1466,1453,1431,1404,1375,1348,1318,1289,1260,1229,1199,1170,1143,1121,1100,1076,1056,1032,1008,979,954,927,908,892,879,872,953,1041,1208,1428,1674,1917,2177,2452,2637,2841,3028,3181,3350,3453,3573,3653,3736,3791,3773,3815,3832,3762,3727,3625,3489,3305,3157,2974,2751,2556,2350,2165,1972,1798,1662,1500,1312,1102,917,806,717,719,724,727,730,736,741,753,769,791,811,829,850,869,891,916,944,973,1005,1036,1071,1114,1161,1208,1266,1331,1402,1472
2012036406759747586,2012036402334756866,发电能力(MW),,江苏省交易中心数据-分省可再生能源发电能力预测,,,2026-01-05,Fri Jan 16 13:37:15 CST 2026,,1460,1551,1643,1745,1865,1995,2132,2271,2428,2603,2789,2973,3153,3333,3511,3689,3856,4010,4159,4301,4401,4472,4538,4598,4640,4669,4689,4710,4816,5001,5328,5818,6470,7149,7871,8670,9411,10099,10634,11166,11676,12169,12535,12822,13104,13313,13428,13464,13525,13504,13367,13117,12820,12455,12020,11547,10972,10406,9776,9050,8252,7493,6909,6302,5664,5026,4488,4037,3785,3653,3536,3410,3282,3214,3054,2910,2787,2673,2557,2437,2290,2186,2090,1999,1931,1884,1842,1807,1791,1790,1791,1797,1810,1830,1851,1872
2012036466113343489,2012036461860319234,发电能力(MW),,江苏省交易中心数据-分省可再生能源发电能力预测,,,2026-01-06,Fri Jan 16 13:37:29 CST 2026,,1612,1586,1562,1545,1532,1522,1515,1507,1516,1532,1547,1568,1598,1638,1681,1732,1787,1851,1920,1995,2076,2163,2258,2351,2468,2584,2704,2831,3068,3367,3839,4437,5031,5668,6400,7111,7673,8197,8700,9236,9787,10340,10775,11225,11667,12071,12415,12695,12985,13093,13221,13305,13381,13435,13371,13232,13015,12696,12357,11904,11388,10804,10224,9668,9125,8590,8225,8042,8099,8260,8521,8756,8984,9224,9494,9794,10090,10390,10684,10976,11210,11396,11563,11721,11772,11758,11721,11688,11645,11626,11637,11648,11685,11731,11785,11843
2012036517799751681,2012036513488007169,发电能力(MW),,江苏省交易中心数据-分省可再生能源发电能力预测,,,2026-01-07,Fri Jan 16 13:37:41 CST 2026,,10951,10966,10981,10992,10963,10925,10882,10833,10773,10721,10663,10608,10547,10475,10403,10326,10204,10057,9896,9726,9496,9244,8995,8729,8473,8226,7983,7736,7626,7645,7894,8313,8901,9566,10338,11137,11845,12452,12962,13438,13854,14278,14564,14766,14958,15076,15096,15069,15037,14885,14673,14376,14009,13566,13080,12512,11863,11228,10483,9565,8581,7549,6631,5693,4804,4002,3387,2952,2796,2817,2850,2884,2928,2978,3032,3091,3146,3197,3247,3293,3323,3355,3387,3422,3451,3474,3501,3530,3551,3583,3615,3648,3672,3692,3709,3725
2012036560543903745,2012036556093747201,发电能力(MW),,江苏省交易中心数据-分省可再生能源发电能力预测,,,2026-01-08,Fri Jan 16 13:37:51 CST 2026,,3593,3590,3587,3581,3565,3545,3517,3480,3435,3375,3316,3245,3175,3111,3052,3001,2954,2911,2874,2838,2796,2757,2713,2673,2631,2580,2521,2472,2550,2792,3203,3831,4584,5389,6353,7320,8153,8937,9559,10160,10672,11160,11533,11775,12059,12223,12311,12335,12369,12307,12179,11910,11646,11289,10904,10439,9871,9312,8643,7775,6825,5808,4921,3967,3060,2259,1629,1154,956,944,946,951,973,1004,1042,1090,1156,1237,1327,1427,1548,1689,1842,2001,2171,2351,2543,2753,2966,3198,3436,3670,3920,4189,4467,4759
2012036606324731905,2012036601929101313,发电能力(MW),,江苏省交易中心数据-分省可再生能源发电能力预测,,,2026-01-09,Fri Jan 16 13:38:02 CST 2026,,4334,4598,4870,5142,5409,5674,5935,6194,6438,6671,6897,7113,7321,7528,7736,7947,8136,8315,8495,8674,8853,9034,9216,9398,9608,9792,9979,10158,10457,10838,11401,12066,12840,13652,14553,15485,16165,16725,17215,17673,18140,18673,19035,19368,19782,20176,20563,20817,21146,21355,21564,21685,21694,21652,21485,21337,21061,20710,20315,19723,19052,18367,17848,17207,16688,16261,15996,15860,16021,16370,16719,17063,17444,17815,18165,18485,18744,18976,19195,19386,19540,19642,19754,19853,19964,20065,20156,20234,20264,20303,20338,20368,20374,20374,20372,20371
2012036650067128322,2012036645755383809,发电能力(MW),,江苏省交易中心数据-分省可再生能源发电能力预测,,,2026-01-10,Fri Jan 16 13:38:13 CST 2026,,20444,20370,20291,20202,20120,20043,19956,19859,19742,19613,19482,19343,19186,19016,18853,18696,18538,18402,18273,18172,18057,17961,17862,17770,17745,17707,17673,17643,17709,17877,18252,18786,19550,20365,21303,22261,23194,24074,24819,25491,26116,26729,27188,27591,27891,28074,28171,28209,28194,28099,27923,27678,27381,27034,26594,26134,25565,24985,24313,23486,22522,21586,20704,19755,18851,17980,17334,16769,16500,16375,16257,16101,15988,15876,15776,15665,15599,15509,15380,15225,15090,14920,14744,14573,14402,14236,14071,13909,13746,13592,13438,13286,13130,12978,12808,12651
2012036708640583681,2012036704324644866,发电能力(MW),,江苏省交易中心数据-分省可再生能源发电能力预测,,,2026-01-11,Fri Jan 16 13:38:27 CST 2026,,13826,13751,13680,13619,13586,13574,13559,13562,13591,13651,13712,13768,13829,13889,13950,14017,14083,14149,14212,14271,14319,14359,14404,14441,14482,14514,14549,14583,14741,15089,15643,16429,17330,18370,19541,20719,21686,22584,23338,24017,24626,25186,25578,25883,26142,26299,26340,26334,26295,26112,25878,25499,25075,24554,23929,23170,22333,21430,20389,19135,17740,16247,14861,13388,11906,10462,9229,8111,7326,6719,6150,5618,5172,4806,4489,4221,4027,3925,3841,3782,3752,3756,3776,3819,3879,3956,4040,4134,4224,4336,4453,4574,4696,4826,4961,5102
2012036754387857409,2012036750021586946,发电能力(MW),,江苏省交易中心数据-分省可再生能源发电能力预测,,,2026-01-12,Fri Jan 16 13:38:38 CST 2026,,4442,4642,4848,5062,5285,5513,5753,5993,6243,6504,6773,7045,7349,7676,8020,8370,8740,9129,9517,9920,10333,10765,11197,11632,12094,12518,12948,13356,13814,14358,15065,15872,16689,17463,18261,19074,19652,20135,20510,20832,21121,21367,21533,21629,21765,21825,21818,21782,21757,21715,21598,21410,21159,20908,20572,20150,19672,19235,18731,18204,17516,16839,16221,15440,14704,13997,13441,12956,12843,12854,12949,13035,13129,13235,13333,13440,13517,13585,13639,13656,13661,13660,13661,13649,13608,13559,13510,13464,13356,13240,13117,12976,12757,12489,12196,11893
2012036803385716737,2012036799019446273,发电能力(MW),,江苏省交易中心数据-分省可再生能源发电能力预测,,,2026-01-13,Tue Jan 20 11:06:45 CST 2026,,9338,8989,8651,8312,7957,7617,7294,6975,6669,6374,6086,5803,5500,5223,4956,4705,4490,4322,4160,4020,3912,3827,3756,3684,3633,3602,3583,3571,3688,3943,4408,5060,5839,6688,7672,8663,9540,10302,10955,11525,12039,12516,12852,13094,13367,13520,13601,13649,13700,13624,13474,13240,12990,12641,12249,11779,11250,10719,10120,9335,8468,7603,6850,6061,5337,4748,4353,4061,4173,4465,4842,5235,5653,6099,6552,7004,7444,7878,8309,8725,9114,9491,9875,10244,10572,10883,11203,11498,11745,11996,12243,12475,12639,12797,12946,13081
2012036866342219778,2012036862030475266,发电能力(MW),,江苏省交易中心数据-分省可再生能源发电能力预测,,,2026-01-14,Tue Jan 20 11:06:57 CST 2026,,13210,13245,13274,13289,13278,13251,13223,13184,13126,13055,12981,12897,12792,12689,12580,12464,12364,12280,12201,12128,12107,12115,12122,12143,12187,12199,12209,12214,12327,12528,12927,13480,14057,14689,15399,16105,16664,17138,17517,17822,18005,18222,18244,18139,18165,18055,17905,17696,17559,17258,16937,16520,16054,15573,15014,14447,13832,13152,12478,11756,10940,10176,9634,9069,8555,8102,7778,7522,7570,7796,8097,8409,8784,9183,9595,10006,10433,10864,11293,11700,12050,12345,12635,12886,13109,13325,13550,13792,13996,14206,14382,14522,14534,14459,14329,14148
2012036922386509826,2012036918095736833,发电能力(MW),,江苏省交易中心数据-分省可再生能源发电能力预测,,,2026-01-15,Tue Jan 20 11:07:09 CST 2026,,12840,12746,12626,12462,12140,11773,11386,11000,10540,10111,9714,9334,8985,8690,8429,8184,7925,7693,7463,7253,7039,6821,6595,6356,6129,5884,5650,5423,5331,5407,5687,6185,6808,7499,8335,9174,9867,10531,11074,11578,12007,12475,12780,13005,13231,13397,13504,13519,13592,13556,13450,13181,12923,12583,12173,11677,11134,10542,9817,8985,7955,6979,6029,5077,4106,3251,2580,2036,1819,1825,1912,2010,2116,2248,2389,2553,2737,2947,3177,3409,3661,3915,4181,4455,4723,4993,5266,5536,5767,5986,6199,6406,6585,6750,6904,7059
2012036981853351938,2012036977520635906,发电能力(MW),,江苏省交易中心数据-分省可再生能源发电能力预测,,,2026-01-16,Tue Jan 20 11:07:22 CST 2026,,8354,8490,8617,8735,8816,8871,8912,8934,8913,8859,8797,8732,8647,8553,8454,8356,8226,8073,7916,7764,7616,7472,7330,7178,7076,6938,6805,6683,6685,6830,7182,7728,8383,9099,9934,10786,11469,12071,12587,13060,13445,13836,14086,14260,14438,14554,14579,14547,14557,14491,14376,14099,13859,13544,13147,12686,12192,11665,11021,10240,9317,8405,7598,6771,5934,5224,4701,4299,4155,4277,4498,4740,5006,5303,5610,5934,6245,6559,6873,7176,7440,7659,7858,8057,8232,8401,8556,8707,8853,8998,9144,9294,9453,9613,9756,9900
2013448291602173954,2013448286745169922,发电能力(MW),,江苏省交易中心数据-分省可再生能源发电能力预测,,,2026-01-17,Tue Jan 20 11:07:34 CST 2026,,15755,16024,16313,16634,16886,17123,17343,17557,17756,17966,18143,18287,18396,18484,18560,18622,18682,18751,18809,18870,18889,18896,18894,18876,18883,18821,18763,18695,18718,18743,18932,19191,19455,19755,20081,20409,20614,20821,20984,21094,21108,21104,21056,20992,20824,20595,20213,19791,19428,18963,18512,18020,17520,17066,16546,16047,15527,15107,14656,14147,13637,13168,12873,12563,12174,11813,11510,11306,11158,11177,11252,11299,11314,11312,11306,11296,11267,11218,11159,11074,10994,10920,10854,10788,10724,10645,10571,10487,10385,10306,10225,10151,10059,9968,9869,9774
2013448342500052993,2013448337735323649,发电能力(MW),,江苏省交易中心数据-分省可再生能源发电能力预测,,,2026-01-18,Tue Jan 20 11:07:46 CST 2026,,8357,8327,8304,8291,8288,8288,8289,8282,8274,8271,8267,8264,8252,8252,8250,8261,8304,8366,8443,8535,8635,8743,8848,8946,9058,9108,9152,9187,9310,9515,9830,10224,10596,10979,11424,11867,12126,12374,12644,12906,13148,13348,13499,13683,13815,13904,13884,13842,13878,13731,13579,13321,13120,12879,12593,12317,12048,11796,11516,11177,10823,10538,10350,10194,10020,9900,9867,9944,10092,10449,10903,11350,11794,12220,12648,13069,13419,13713,13983,14204,14433,14664,14894,15130,15314,15465,15606,15733,15831,15943,16047,16143,16229,16301,16370,16441
2013448392483573762,2013448387672707073,发电能力(MW),,江苏省交易中心数据-分省可再生能源发电能力预测,,,2026-01-19,Tue Jan 20 11:32:16 CST 2026,,18838,18849,18846,18851,18879,18901,18939,18966,19040,19163,19300,19451,19632,19832,20003,20188,20360,20522,20681,20841,20984,21106,21228,21340,21474,21537,21583,21621,21755,21838,21963,22058,22244,22414,22583,22743,22852,22920,23029,23035,23005,23047,23079,23098,23135,23124,23078,23052,23143,23143,23193,23199,23216,23181,23080,23004,22921,22842,22768,22720,22630,22564,22525,22504,22424,22316,22233,22140,22065,21987,21982,21961,21952,21938,21923,21887,21870,21856,21840,21797,21778,21756,21736,21715,21697,21678,21663,21639,21583,21558,21534,21510,21484,21455,21424,21391
2013448441573707777,2013448436779618306,发电能力(MW),,江苏省交易中心数据-分省可再生能源发电能力预测,,,2026-01-20,Tue Jan 20 11:32:28 CST 2026,,20389,20356,20317,20279,20236,20189,20141,20097,20053,20012,19968,19919,19865,19811,19753,19696,19635,19572,19504,19435,19350,19264,19177,19088,19029,18928,18828,18712,18675,18672,18776,18950,19167,19429,19704,19986,20246,20475,20686,20835,20966,21077,21079,21116,21085,20998,20920,20820,20727,20584,20407,20188,20048,19894,19624,19324,18964,18666,18332,17905,17518,17087,16834,16468,15975,15432,14970,14538,14128,13870,13687,13494,13309,13115,12903,12729,12541,12385,12222,12051,11933,11852,11797,11764,11780,11822,11887,11943,11942,11958,11951,11939,11982,12069,12141,12299
2013929625864990722,2013929620978626561,发电能力(MW),,江苏省交易中心数据-分省可再生能源发电能力预测,,,2026-01-21,Wed Jan 21 19:00:13 CST 2026,,13817,13960,14092,14197,14298,14405,14518,14639,14790,14922,15071,15215,15311,15370,15417,15452,15470,15465,15445,15418,15361,15285,15194,15094,14997,14854,14703,14563,14550,14679,14946,15382,15936,16649,17491,18440,19244,19986,20630,21173,21703,22226,22679,23032,23412,23676,23885,24033,24157,24166,24161,24078,23923,23688,23373,22961,22496,21989,21336,20611,19705,18756,17920,17022,16034,15112,14362,13685,13148,12890,12763,12636,12516,12389,12262,12137,11997,11872,11733,11588,11433,11273,11091,10917,10741,10579,10422,10280,10134,10016,9903,9806,9734,9685,9638,9593
2013944704840855553,2013944699878993921,发电能力(MW),,江苏省交易中心数据-分省可再生能源发电能力预测,,,2026-01-21,Wed Jan 21 20:00:08 CST 2026,,13817,13960,14092,14197,14298,14405,14518,14639,14790,14922,15071,15215,15311,15370,15417,15452,15470,15465,15445,15418,15361,15285,15194,15094,14997,14854,14703,14563,14550,14679,14946,15382,15936,16649,17491,18440,19244,19986,20630,21173,21703,22226,22679,23032,23412,23676,23885,24033,24157,24166,24161,24078,23923,23688,23373,22961,22496,21989,21336,20611,19705,18756,17920,17022,16034,15112,14362,13685,13148,12890,12763,12636,12516,12389,12262,12137,11997,11872,11733,11588,11433,11273,11091,10917,10741,10579,10422,10280,10134,10016,9903,9806,9734,9685,9638,9593
2014225563576840194,2014225558740807681,发电能力(MW),,江苏省交易中心数据-分省可再生能源发电能力预测,,,2026-01-22,Thu Jan 22 14:36:10 CST 2026,,12006,12025,12035,12038,12017,11975,11925,11860,11814,11768,11740,11693,11596,11483,11337,11186,11014,10838,10665,10485,10280,10037,9787,9523,9247,8952,8656,8363,8225,8247,8485,8907,9410,10054,10824,11630,12296,12888,13388,13823,14164,14506,14772,14907,15109,15200,15228,15193,15179,15086,14936,14666,14351,13950,13457,12905,12297,11625,10827,9885,8790,7676,6630,5559,4457,3488,2699,1992,1452,1257,1191,1128,1074,1033,999,973,952,940,931,924,922,924,926,933,938,945,952,960,973,991,1007,1026,1047,1071,1095,1118
2014231594050662402,2014231589231407105,发电能力(MW),,江苏省交易中心数据-分省可再生能源发电能力预测,,,2026-01-22,Thu Jan 22 15:00:08 CST 2026,,12006,12025,12035,12038,12017,11975,11925,11860,11814,11768,11740,11693,11596,11483,11337,11186,11014,10838,10665,10485,10280,10037,9787,9523,9247,8952,8656,8363,8225,8247,8485,8907,9410,10054,10824,11630,12296,12888,13388,13823,14164,14506,14772,14907,15109,15200,15228,15193,15179,15086,14936,14666,14351,13950,13457,12905,12297,11625,10827,9885,8790,7676,6630,5559,4457,3488,2699,1992,1452,1257,1191,1128,1074,1033,999,973,952,940,931,924,922,924,926,933,938,945,952,960,973,991,1007,1026,1047,1071,1095,1118
2014246695075983362,2014246690265116673,发电能力(MW),,江苏省交易中心数据-分省可再生能源发电能力预测,,,2026-01-22,Thu Jan 22 16:00:09 CST 2026,,12006,12025,12035,12038,12017,11975,11925,11860,11814,11768,11740,11693,11596,11483,11337,11186,11014,10838,10665,10485,10280,10037,9787,9523,9247,8952,8656,8363,8225,8247,8485,8907,9410,10054,10824,11630,12296,12888,13388,13823,14164,14506,14772,14907,15109,15200,15228,15193,15179,15086,14936,14666,14351,13950,13457,12905,12297,11625,10827,9885,8790,7676,6630,5559,4457,3488,2699,1992,1452,1257,1191,1128,1074,1033,999,973,952,940,931,924,922,924,926,933,938,945,952,960,973,991,1007,1026,1047,1071,1095,1118
2015605662898241537,2015605657944768513,发电能力(MW),,江苏省交易中心数据-分省可再生能源发电能力预测,,,2026-01-26,Mon Jan 26 23:00:07 CST 2026,,10212,10108,10012,9930,9867,9821,9779,9750,9723,9713,9711,9723,9769,9821,9889,9966,10044,10124,10204,10284,10356,10435,10537,10641,10764,10840,10922,11016,11091,11092,11100,11083,11014,10919,10839,10724,10567,10379,10216,10031,9812,9629,9381,9181,8990,8781,8517,8325,8173,7947,7748,7544,7403,7248,7073,6946,6786,6640,6497,6418,6233,6020,5835,5648,5410,5147,4904,4692,4421,4215,4074,3943,3821,3708,3601,3501,3425,3363,3308,3265,3231,3212,3201,3187,3192,3212,3240,3283,3315,3359,3404,3457,3516,3578,3638,3701
2015817039326887938,2015817034541187073,发电能力(MW),,江苏省交易中心数据-分省可再生能源发电能力预测,,,2026-01-27,Tue Jan 27 17:00:07 CST 2026,,2869,2975,3097,3228,3371,3529,3698,3888,4083,4280,4482,4673,4877,5085,5300,5516,5711,5894,6070,6243,6367,6463,6545,6609,6640,6633,6635,6662,6770,7078,7533,8125,8809,9585,10520,11502,12349,13108,13758,14441,14955,15472,15927,16238,16573,16789,16913,16989,17052,16985,16829,16571,16264,15919,15471,14952,14378,13813,13114,12310,11340,10351,9420,8523,7552,6675,5952,5316,4803,4674,4670,4728,4764,4796,4824,4855,4865,4871,4874,4865,4858,4847,4838,4833,4782,4717,4648,4578,4480,4403,4333,4265,4197,4126,4059,3994
2018248058860617730,2018248054041362434,发电能力(MW),,江苏省交易中心数据-分省可再生能源发电能力预测,,,2026-02-02,Mon Feb 02 23:00:08 CST 2026,,7406,7423,7440,7455,7463,7465,7463,7451,7417,7378,7352,7320,7264,7200,7141,7071,6989,6901,6799,6682,6549,6407,6266,6142,6011,5872,5738,5679,5777,6112,6595,7214,7915,8734,9674,10635,11450,12167,12813,13464,13999,14539,14970,15266,15586,15836,15993,16087,16161,16161,16052,15887,15663,15362,14976,14498,13956,13381,12689,11849,10854,9816,8816,7810,6738,5744,4878,4100,3410,3070,2939,2892,2865,2831,2803,2780,2761,2752,2741,2728,2731,2701,2670,2633,2591,2546,2504,2462,2415,2385,2360,2335,2291,2237,2180,2122
2018248931218087938,2018248926352695297,发电能力(MW),,江苏省交易中心数据-分省可再生能源发电能力预测,,,2026-01-24,Mon Feb 02 17:03:36 CST 2026,,1252,1261,1270,1278,1288,1299,1309,1319,1325,1330,1336,1343,1344,1344,1345,1334,1330,1328,1324,1318,1304,1288,1277,1264,1263,1261,1262,1277,1482,1882,2479,3243,4098,5107,6250,7441,8412,9318,10088,10817,11431,11997,12457,12766,13129,13337,13504,13588,13683,13669,13587,13416,13170,12890,12503,12033,11523,10983,10332,9540,8618,7672,6815,5974,5085,4333,3746,3291,3005,3123,3405,3701,4015,4338,4665,4987,5269,5532,5788,6011,6229,6430,6638,6859,7078,7297,7519,7744,7910,8106,8292,8452,8580,8688,8784,8857
2018256734699708418,2018256729691709441,发电能力(MW),,江苏省交易中心数据-分省可再生能源发电能力预测,,,2026-01-25,Mon Feb 02 17:34:36 CST 2026,,8029,8035,8052,8062,8071,8094,8124,8171,8253,8359,8475,8606,8795,9012,9265,9527,9798,10081,10369,10663,10959,11263,11578,11899,12275,12606,12935,13275,13758,14364,15133,15964,16842,17782,18788,19754,20557,21247,21821,22321,22705,23007,23247,23374,23471,23489,23484,23414,23353,23155,22774,22362,21988,21597,21144,20734,20273,19828,19460,19016,18584,18191,17985,17722,17463,17237,17096,16955,16844,16863,16953,17032,17066,17068,17035,16980,16914,16843,16761,16643,16520,16391,16271,16127,15952,15742,15521,15270,15014,14809,14615,14446,14251,14051,13851,13865
2018353758039326721,2018353753111019522,发电能力(MW),,江苏省交易中心数据-分省可再生能源发电能力预测,,,2026-02-03,Tue Feb 03 23:00:10 CST 2026,,2210,2178,2147,2116,2090,2068,2048,2026,2012,2004,1997,1989,1995,2010,2029,2049,2077,2116,2156,2197,2244,2298,2353,2410,2498,2567,2637,2771,3106,3619,4262,5007,5807,6677,7652,8622,9403,10047,10653,11216,11714,12138,12488,12728,13009,13127,13219,13246,13260,13186,13011,12805,12514,12204,11784,11317,10772,10256,9628,8911,8095,7340,6693,6037,5357,4761,4290,3881,3563,3555,3733,4024,4358,4693,5042,5386,5725,6046,6365,6639,6882,7101,7321,7516,7692,7841,7985,8110,8180,8243,8304,8336,8336,8316,8296,8282
2018716149893709826,2018716144835379201,发电能力(MW),,江苏省交易中心数据-分省可再生能源发电能力预测,,,2026-02-04,Wed Feb 04 23:00:10 CST 2026,,8258,8149,8040,7923,7793,7657,7511,7354,7195,7035,6871,6706,6544,6392,6241,6093,5955,5828,5707,5593,5491,5385,5276,5167,5076,4984,4897,4879,5039,5365,5846,6421,7063,7822,8702,9575,10275,10899,11461,11973,12423,12824,13163,13351,13613,13771,13865,13882,13914,13839,13654,13444,13152,12780,12360,11867,11308,10752,10057,9240,8283,7306,6436,5531,4590,3724,2992,2349,1745,1470,1431,1488,1559,1633,1714,1797,1880,1969,2063,2143,2200,2251,2291,2322,2341,2361,2377,2391,2396,2388,2382,2367,2338,2302,2265,2233
2019078532914888705,2019078527818809345,发电能力(MW),,江苏省交易中心数据-分省可再生能源发电能力预测,,,2026-02-05,Thu Feb 05 23:00:08 CST 2026,,1728,1687,1647,1609,1560,1512,1468,1429,1386,1345,1306,1262,1220,1180,1140,1104,1067,1031,996,957,921,887,855,830,807,787,768,812,1081,1495,2068,2719,3488,4356,5302,6263,7110,7901,8591,9240,9800,10332,10796,11111,11486,11749,11926,12088,12259,12349,12374,12377,12385,12383,12348,12296,12282,12317,12307,12202,12086,12018,12089,12157,12184,12270,12422,12536,12721,13122,13756,14469,15119,15710,16253,16737,17167,17554,17904,18230,18557,18849,19131,19401,19635,19823,20019,20182,20316,20468,20588,20689,20807,20928,21059,21185
2019440923951382529,2019440918830137346,发电能力(MW),,江苏省交易中心数据-分省可再生能源发电能力预测,,,2026-02-06,Fri Feb 06 23:00:08 CST 2026,,21625,21708,21785,21853,21920,21976,22035,22092,22121,22133,22150,22157,22170,22187,22197,22208,22225,22231,22247,22251,22253,22260,22263,22268,22317,22311,22307,22341,22450,22551,22699,22875,23022,23163,23309,23402,23499,23615,23761,23900,24006,24125,24169,24241,24323,24371,24327,24273,24195,24151,24099,24006,23871,23722,23597,23461,23267,23096,22962,22792,22593,22365,22185,21972,21695,21390,21128,20834,20492,20221,19965,19743,19584,19358,19133,18898,18668,18430,18176,17906,17657,17380,17099,16823,16578,16322,16076,15846,15640,15476,15334,15204,15116,15045,14975,14919
2019803312957833218,2019803307798839298,发电能力(MW),,江苏省交易中心数据-分省可再生能源发电能力预测,,,2026-02-07,Sat Feb 07 23:00:09 CST 2026,,12340,12272,12207,12159,12134,12124,12153,12196,12341,12545,12762,12985,13246,13490,13722,13936,14055,14108,14138,14144,14040,13853,13639,13395,13046,12617,12117,11693,11473,11438,11503,11738,12186,12811,13548,14336,15064,15788,16398,16995,17549,18085,18617,19018,19511,19880,20298,20655,20909,21048,21098,21071,20924,20638,20272,19846,19284,18767,18089,17285,16369,15409,14456,13382,12342,11325,10403,9612,8889,8340,8097,7988,7923,7841,7771,7705,7654,7604,7557,7500,7402,7268,7120,6955,6785,6660,6543,6458,6414,6431,6495,6576,6762,6970,7201,7459
2020165696805289986,2020165691738570753,发电能力(MW),,江苏省交易中心数据-分省可再生能源发电能力预测,,,2026-02-08,Sun Feb 08 23:00:08 CST 2026,,12696,12780,12862,12939,13020,13092,13166,13236,13302,13365,13422,13466,13505,13538,13566,13591,13606,13609,13603,13597,13574,13519,13448,13356,13247,13108,12967,12964,13217,13701,14290,14980,15879,16869,17975,18976,19813,20603,21284,21861,22358,22730,23066,23254,23458,23467,23541,23512,23444,23303,23140,22882,22553,22097,21561,20894,20073,19252,18269,17111,15799,14404,13008,11442,9964,8561,7256,6161,5180,4422,4053,3822,3622,3424,3225,3041,2877,2718,2567,2427,2303,2182,2074,1984,1925,1868,1821,1785,1762,1755,1755,1764,1785,1819,1855,1903
2020528085186789377,2020528079943909377,发电能力(MW),,江苏省交易中心数据-分省可再生能源发电能力预测,,,2026-02-09,Mon Feb 09 23:00:09 CST 2026,,1879,1932,1994,2076,2168,2267,2369,2452,2530,2612,2690,2765,2833,2895,2957,3021,3076,3123,3168,3208,3237,3257,3275,3289,3309,3314,3319,3472,3857,4425,5086,5842,6737,7676,8756,9744,10542,11359,11962,12552,13107,13574,13997,14271,14549,14699,14889,15017,15100,15107,14975,14808,14593,14340,13997,13639,13203,12793,12329,11777,11199,10674,10230,9774,9387,9033,8752,8576,8441,8351,8498,8739,9009,9234,9456,9662,9834,9977,10100,10175,10194,10179,10145,10109,10020,9900,9789,9684,9515,9325,9129,8933,8698,8464,8228,8000
2020890472435826690,2020890467184558082,发电能力(MW),,江苏省交易中心数据-分省可再生能源发电能力预测,,,2026-02-10,Tue Feb 10 23:00:09 CST 2026,,7787,7570,7375,7227,7022,6825,6617,6412,6187,5924,5674,5433,5185,4956,4726,4515,4233,4054,3900,3782,3686,3623,3553,3486,3479,3481,3491,3628,3900,4289,4763,5291,5943,6656,7486,8266,8909,9552,10082,10563,11017,11468,11860,12139,12427,12540,12658,12722,12781,12715,12638,12459,12273,11967,11623,11200,10715,10252,9694,9042,8324,7559,6860,6051,5265,4552,3868,3252,2754,2298,2197,2194,2244,2311,2391,2485,2603,2740,2891,3048,3190,3339,3482,3620,3722,3804,3862,3903,3923,3953,3984,4009,4043,4072,4099,4140
2021252865871462402,2021252860645359617,发电能力(MW),,江苏省交易中心数据-分省可再生能源发电能力预测,,,2026-02-11,Wed Feb 11 23:00:08 CST 2026,,5364,5402,5448,5483,5515,5554,5592,5631,5665,5704,5740,5773,5801,5838,5877,5914,5936,5954,5960,5966,5933,5892,5847,5796,5742,5648,5555,5603,5920,6400,6994,7709,8577,9494,10562,11517,12334,13121,13817,14469,15061,15541,16000,16298,16609,16734,16923,17028,17055,16991,16879,16677,16417,16051,15597,15084,14422,13803,13033,12069,11030,9914,8808,7563,6360,5219,4161,3258,2472,1748,1503,1393,1330,1275,1225,1192,1175,1176,1185,1196,1214,1242,1273,1306,1344,1384,1428,1475,1524,1576,1634,1690,1742,1794,1844,1900
2021615246703214594,2021615241535832065,发电能力(MW),,江苏省交易中心数据-分省可再生能源发电能力预测,,,2026-02-12,Thu Feb 12 23:00:08 CST 2026,,2200,2228,2255,2282,2303,2321,2338,2352,2362,2371,2381,2389,2398,2409,2422,2436,2461,2497,2538,2583,2650,2736,2829,2923,3049,3180,3322,3631,4189,4892,5693,6592,7611,8661,9878,10958,11832,12645,13323,13955,14537,15034,15455,15750,16065,16226,16449,16607,16679,16702,16636,16489,16284,16021,15656,15235,14746,14305,13755,13083,12323,11595,10852,10050,9294,8622,8056,7599,7260,7005,7197,7488,7841,8211,8584,8951,9298,9641,9966,10279,10538,10772,10997,11190,11336,11444,11556,11657,11626,11559,11480,11378,11194,10964,10716,10435
2021977637177671682,2021977631951568898,发电能力(MW),,江苏省交易中心数据-分省可再生能源发电能力预测,,,2026-02-13,Fri Feb 13 23:00:09 CST 2026,,9677,9411,9156,8891,8589,8263,7922,7584,7241,6887,6535,6183,5853,5534,5222,4920,4648,4400,4162,3945,3768,3617,3474,3343,3232,3131,3047,3156,3522,4052,4673,5409,6298,7232,8331,9289,10167,10942,11679,12340,12934,13430,13870,14184,14498,14615,14798,14882,14867,14860,14730,14472,14202,13852,13437,12977,12397,11816,11159,10377,9509,8659,7852,6968,6141,5394,4702,4142,3666,3248,3228,3307,3464,3629,3803,3974,4144,4318,4484,4638,4758,4873,4983,5083,5143,5182,5218,5249,5260,5259,5253,5237,5192,5123,5051,4984
2022340024028250113,2022340018743427074,发电能力(MW),,江苏省交易中心数据-分省可再生能源发电能力预测,,,2026-02-14,Sat Feb 14 23:00:10 CST 2026,,5108,5000,4893,4782,4647,4501,4360,4218,4074,3924,3773,3626,3487,3356,3228,3107,2995,2895,2798,2709,2637,2578,2523,2475,2447,2421,2436,2600,3022,3575,4234,4980,5901,6858,7952,8958,9827,10607,11336,12015,12610,13105,13550,13826,14107,14245,14411,14512,14504,14475,14368,14184,13934,13635,13244,12783,12220,11605,10931,10142,9213,8254,7324,6283,5280,4392,3562,2896,2315,1810,1721,1746,1843,1948,2048,2147,2235,2318,2399,2470,2532,2558,2578,2588,2569,2533,2496,2453,2396,2331,2263,2195,2123,2045,1967,1890
2022702420173406209,2022702414838251522,发电能力(MW),,江苏省交易中心数据-分省可再生能源发电能力预测,,,2026-02-15,Sun Feb 15 23:00:09 CST 2026,,1878,1810,1745,1676,1622,1576,1534,1508,1499,1506,1534,1575,1660,1791,1943,2124,2345,2602,2867,3133,3401,3685,3996,4342,4743,5190,5650,6239,7073,8017,9028,10171,11355,12609,13999,15378,16658,17952,19184,20474,21658,22788,23901,24856,25702,26374,27013,27520,27929,28215,28244,28260,28134,27856,27584,27281,26909,26510,26102,25650,25124,24576,24119,23631,23191,22795,22441,22150,21950,21689,21644,21649,21740,21795,21850,21875,21922,21969,22015,22038,22073,22096,22114,22128,22136,22136,22137,22138,22107,22102,22087,22080,22072,22062,22045,22029
2023064804616454146,2023064799230967809,发电能力(MW),,江苏省交易中心数据-分省可再生能源发电能力预测,,,2026-02-16,Mon Feb 16 23:00:09 CST 2026,,22027,22001,21954,21898,21834,21762,21686,21611,21518,21415,21315,21205,21104,20985,20861,20731,20590,20463,20338,20207,20101,19997,19898,19786,19718,19599,19519,19558,19729,19897,20135,20437,20797,21204,21706,22224,22625,22935,23190,23416,23603,23699,23804,23816,23808,23723,23725,23630,23534,23367,23110,22841,22478,22029,21526,21013,20447,19952,19412,18833,18109,17410,16725,15869,15096,14350,13673,13042,12379,11724,11298,10980,10734,10418,10083,9725,9324,8913,8495,8090,7699,7312,6941,6580,6243,5912,5585,5259,4949,4679,4418,4169,3942,3757,3593,3442
2023427196445671425,2023427191093739522,发电能力(MW),,江苏省交易中心数据-分省可再生能源发电能力预测,,,2026-02-17,Tue Feb 17 23:00:09 CST 2026,,3442,3302,3178,3076,3003,2944,2891,2844,2820,2813,2817,2839,2858,2878,2893,2900,2908,2918,2928,2938,2918,2876,2825,2766,2691,2609,2572,2726,3105,3586,4172,4859,5740,6641,7734,8724,9606,10439,11167,11840,12471,12979,13478,13813,14159,14328,14566,14705,14781,14791,14705,14535,14313,13996,13619,13142,12560,11941,11228,10362,9391,8423,7472,6363,5303,4345,3449,2683,2014,1374,1124,1045,1046,1052,1062,1075,1097,1127,1163,1201,1246,1299,1357,1418,1486,1559,1636,1717,1806,1905,2005,2109,2216,2324,2434,2548
2023789577856237569,2023789572512694273,发电能力(MW),,江苏省交易中心数据-分省可再生能源发电能力预测,,,2026-02-18,Wed Feb 18 23:00:09 CST 2026,,4331,4517,4716,4928,5128,5332,5530,5714,5885,6061,6240,6407,6571,6746,6923,7095,7248,7389,7518,7630,7718,7783,7837,7875,7874,7830,7825,8084,8549,9101,9767,10549,11446,12393,13442,14362,15132,15840,16451,16987,17465,17854,18245,18442,18655,18772,18924,19006,19007,18943,18800,18602,18368,18054,17700,17270,16673,16063,15350,14462,13451,12365,11298,10042,8810,7698,6614,5685,4828,4043,3704,3542,3516,3496,3487,3483,3485,3490,3500,3521,3518,3497,3487,3493,3453,3400,3334,3261,3183,3110,3040,2970,2896,2821,2758,2707
2024151962030850050,2024151956674723842,发电能力(MW),,江苏省交易中心数据-分省可再生能源发电能力预测,,,2026-02-19,Thu Feb 19 23:00:10 CST 2026,,1888,1871,1857,1847,1844,1845,1849,1854,1861,1871,1880,1893,1914,1939,1965,1990,2026,2063,2105,2149,2198,2253,2312,2373,2445,2521,2646,3027,3546,4144,4823,5567,6446,7317,8333,9274,10052,10786,11421,11999,12566,12978,13436,13719,13978,14209,14474,14622,14767,14796,14727,14651,14478,14218,13928,13611,13197,12780,12343,11836,11224,10673,10213,9598,9006,8508,8061,7722,7441,7183,7223,7402,7707,8030,8355,8681,8995,9303,9609,9890,10171,10409,10643,10868,11078,11260,11446,11631,11774,11921,12067,12207,12302,12372,12438,12509
2024514352291397634,2024514346872356865,发电能力(MW),,江苏省交易中心数据-分省可再生能源发电能力预测,,,2026-02-20,Fri Feb 20 23:00:08 CST 2026,,12581,12568,12557,12553,12546,12525,12520,12506,12488,12477,12479,12472,12447,12411,12366,12313,12245,12166,12078,11982,11917,11877,11856,11831,11871,11892,11982,12364,12950,13652,14460,15373,16389,17397,18502,19445,20234,20941,21520,22019,22511,22919,23305,23555,23775,23905,24058,24135,24184,24194,24179,24088,23958,23748,23432,23066,22544,22039,21456,20712,19878,19057,18259,17290,16401,15632,14947,14464,14152,13887,14058,14437,14979,15541,16089,16606,17083,17516,17921,18270,18570,18852,19124,19381,19602,19767,19941,20074,20147,20224,20303,20380,20433,20468,20496,20520
2024876745144025089,2024876739678846977,发电能力(MW),,江苏省交易中心数据-分省可再生能源发电能力预测,,,2026-02-21,Sat Feb 21 23:00:10 CST 2026,,20629,20598,20558,20499,20441,20373,20302,20221,20118,20037,19954,19860,19772,19688,19600,19523,19477,19454,19429,19411,19428,19452,19482,19516,19623,19671,19799,20214,20796,21438,22222,23074,24031,24982,26057,26973,27706,28294,28794,29225,29598,29886,30185,30302,30390,30415,30461,30418,30351,30242,30077,29871,29611,29278,28868,28396,27784,27169,26476,25623,24651,23643,22648,21483,20355,19331,18345,17565,16913,16313,16090,16129,16308,16471,16635,16792,16973,17156,17326,17478,17690,17857,17988,18130,18237,18327,18411,18500,18515,18544,18560,18566,18538,18477,18411,18348
2025239132007186433,2025239126529425409,发电能力(MW),,江苏省交易中心数据-分省可再生能源发电能力预测,,,2026-02-22,Sun Feb 22 23:00:09 CST 2026,,18008,17932,17834,17742,17621,17504,17379,17266,17167,17085,17010,16934,16860,16797,16743,16709,16693,16700,16734,16779,16894,17061,17238,17420,17648,17856,18161,18764,19509,20338,21235,22207,23315,24353,25509,26519,27376,28111,28741,29274,29671,29923,30159,30230,30230,30106,29977,29722,29435,29065,28673,28226,27733,27154,26450,25731,24840,23921,22940,21777,20451,19061,17646,16033,14515,13095,11724,10574,9623,8680,8171,7925,7912,7963,8057,8178,8333,8509,8681,8839,9019,9220,9430,9644,9836,10043,10249,10452,10611,10784,10952,11116,11232,11305,11377,11438
2025601518899707906,2025601513447112706,发电能力(MW),,江苏省交易中心数据-分省可再生能源发电能力预测,,,2026-02-23,Mon Feb 23 23:00:08 CST 2026,,9576,9580,9583,9586,9593,9610,9635,9659,9692,9727,9766,9819,9910,10026,10159,10301,10480,10672,10867,11069,11264,11473,11693,11936,12298,12657,13118,13854,14647,15516,16461,17471,18520,19554,20708,21688,22627,23512,24315,25050,25624,26094,26470,26729,26972,27118,27194,27280,27350,27327,27202,26966,26686,26409,26042,25657,25254,24870,24421,23958,23438,22907,22547,22106,21720,21344,21000,20730,20451,20154,20033,19981,20054,20103,20148,20167,20184,20182,20165,20122,20046,19987,19916,19840,19732,19606,19462,19297,19092,18921,18762,18614,18471,18321,18155,18001
2025963906366849026,2025963900910059522,发电能力(MW),,江苏省交易中心数据-分省可再生能源发电能力预测,,,2026-02-24,Tue Feb 24 23:00:08 CST 2026,,18273,18261,18286,18345,18475,18645,18781,18914,19043,19184,19320,19440,19586,19749,19907,20072,20218,20345,20461,20583,20663,20727,20784,20827,20905,20911,20963,21019,21045,21050,21071,21087,21103,21141,21188,21205,21222,21257,21244,21230,21167,21111,20989,20916,20804,20771,20705,20649,20645,20567,20514,20401,20232,20098,19923,19792,19588,19378,19147,18940,18662,18288,17909,17470,16997,16539,16100,15636,15222,14799,14469,14198,14032,13847,13665,13483,13234,12937,12619,12274,11918,11615,11284,10935,10641,10343,10048,9762,9501,9274,9058,8869,8709,8569,8441,8327
2026326297353011202,2026326291858472962,发电能力(MW),,江苏省交易中心数据-分省可再生能源发电能力预测,,,2026-02-25,Wed Feb 25 23:00:10 CST 2026,,9058,8877,8695,8510,8363,8226,8086,7956,7831,7715,7605,7496,7403,7329,7263,7207,7150,7089,7027,6963,6868,6771,6665,6565,6457,6335,6299,6500,6740,7019,7319,7717,8191,8678,9300,9881,10358,10811,11193,11595,11958,12294,12638,12867,13133,13263,13447,13600,13637,13661,13561,13466,13307,13113,12864,12544,12177,11760,11289,10709,10001,9302,8615,7795,7003,6343,5717,5219,4816,4359,4142,4185,4389,4620,4853,5086,5311,5518,5717,5904,6042,6157,6262,6355,6414,6450,6490,6525,6508,6493,6475,6443,6374,6291,6195,6083
2026688681670230018,2026688676125360130,发电能力(MW),,江苏省交易中心数据-分省可再生能源发电能力预测,,,2026-02-26,Thu Feb 26 23:00:09 CST 2026,,7188,7041,6901,6767,6615,6451,6289,6130,5982,5873,5773,5688,5672,5692,5726,5775,5849,5940,6033,6139,6254,6386,6530,6687,6915,7158,7469,7814,8193,8551,8942,9343,9728,10091,10527,10956,11261,11528,11713,11911,12005,12142,12180,12213,12289,12298,12243,12213,12112,11969,11834,11764,11667,11625,11579,11523,11530,11569,11565,11604,11646,11703,11777,11858,11996,12134,12305,12507,12654,12792,12876,12954,13143,13322,13490,13650,13800,13937,14069,14171,14244,14285,14281,14247,14166,14044,13925,13798,13691,13611,13552,13513,13452,13412,13370,13324
2027051070085283841,2027051064439750658,发电能力(MW),,江苏省交易中心数据-分省可再生能源发电能力预测,,,2026-02-27,Fri Feb 27 23:00:09 CST 2026,,13331,13177,13042,12920,12806,12687,12579,12474,12334,12176,12005,11819,11635,11477,11303,11166,11072,11004,10950,10906,10905,10929,10988,11097,11198,11269,11413,11591,11767,11880,12032,12214,12440,12604,12872,13098,13292,13391,13534,13733,13867,14023,14120,14200,14245,14256,14280,14274,14244,14060,14011,13759,13547,13281,12955,12591,12281,11929,11564,11173,10632,10080,9514,8830,8234,7630,7011,6458,5975,5501,5207,5103,5145,5207,5276,5349,5431,5505,5564,5598,5603,5582,5546,5508,5414,5282,5149,5006,4882,4785,4699,4617,4551,4496,4454,4428
2027413456143138817,2027413450514382850,发电能力(MW),,江苏省交易中心数据-分省可再生能源发电能力预测,,,2026-02-28,Sat Feb 28 23:00:09 CST 2026,,5443,5378,5304,5227,5177,5157,5148,5153,5178,5220,5263,5308,5385,5478,5576,5685,5792,5898,6006,6117,6244,6378,6514,6651,6799,6958,7206,7750,8325,8941,9606,10343,11117,11893,12780,13550,14237,14912,15498,16054,16540,16982,17413,17668,17974,18206,18374,18522,18592,18647,18582,18462,18278,17991,17589,17128,16619,16055,15438,14728,13910,13069,12334,11506,10699,10041,9402,8906,8541,8215,8099,8223,8494,8761,9023,9276,9499,9700,9890,10048,10234,10423,10608,10795,10976,11167,11347,11555,11673,11803,11932,12048,12116,12173,12231,12305
2027775843094380545,2027775837453041666,发电能力(MW),,江苏省交易中心数据-分省可再生能源发电能力预测,,,2026-03-01,Sun Mar 01 23:00:10 CST 2026,,12768,12994,13248,13544,13830,14089,14306,14487,14590,14657,14701,14735,14811,14908,15016,15136,15248,15342,15457,15581,15749,15931,16109,16299,16507,16725,16946,17239,17450,17609,17774,17927,18030,18102,18222,18361,18476,18584,18647,18778,18839,18937,19015,19129,19141,19198,19216,19232,19311,19276,19333,19357,19402,19506,19585,19637,19760,19842,19976,20119,20152,20209,20296,20349,20424,20545,20618,20699,20741,20754,20730,20710,20808,20885,20959,21009,21064,21110,21148,21158,21180,21193,21207,21207,21198,21183,21164,21152,21100,21080,21056,21032,21019,21014,21006,21004
2028138236911697921,2028138231211638785,发电能力(MW),,江苏省交易中心数据-分省可再生能源发电能力预测,,,2026-03-02,Mon Mar 02 23:00:08 CST 2026,,20969,20951,20931,20907,20872,20822,20772,20723,20671,20619,20569,20520,20459,20409,20349,20294,20245,20218,20197,20178,20160,20149,20132,20117,20137,20133,20133,20176,20162,20158,20199,20217,20258,20299,20394,20440,20522,20576,20572,20651,20678,20707,20684,20730,20738,20683,20664,20698,20787,20853,21098,21230,21307,21352,21284,21208,21144,21043,21008,20939,20817,20726,20737,20600,20375,20172,19973,19804,19616,19426,19217,19072,19010,18957,18904,18836,18764,18687,18602,18498,18375,18235,18089,17933,17753,17549,17344,17139,16917,16699,16477,16276,16064,15858,15661,15458
2028500620121620481,2028500614371229698,发电能力(MW),,江苏省交易中心数据-分省可再生能源发电能力预测,,,2026-03-03,Tue Mar 03 23:00:09 CST 2026,,14919,14710,14489,14262,14082,13924,13764,13596,13535,13516,13529,13576,13619,13652,13675,13696,13650,13562,13435,13291,13157,12993,12845,12712,12646,12617,12663,12824,13036,13169,13330,13509,13662,13729,13925,14027,14130,14163,14278,14400,14521,14612,14674,14745,14762,14836,14805,14826,14809,14646,14627,14414,14280,14148,13982,13742,13575,13362,13188,12978,12642,12263,11893,11439,10996,10541,10089,9656,9234,8761,8383,8118,7869,7641,7397,7122,6810,6483,6176,5887,5626,5386,5166,4958,4758,4583,4424,4276,4148,4051,3962,3893,3860,3848,3845,3850
2028863022444986369,2028863016715567105,发电能力(MW),,江苏省交易中心数据-分省可再生能源发电能力预测,,,2026-03-04,Wed Mar 04 23:00:11 CST 2026,,3080,3022,2966,2923,2885,2852,2825,2805,2808,2819,2841,2870,2925,2993,3071,3164,3272,3384,3509,3644,3760,3878,3992,4101,4215,4359,4593,4964,5400,5820,6273,6740,7229,7665,8136,8551,8946,9217,9581,9906,10226,10458,10650,10820,10906,11003,10976,11001,11037,10896,10867,10708,10551,10425,10228,9972,9792,9548,9341,9108,8769,8434,8128,7767,7430,7172,6945,6753,6521,6289,6087,6027,6035,6094,6155,6211,6239,6241,6227,6184,6136,6073,6006,5934,5823,5698,5573,5440,5307,5192,5085,4977,4887,4808,4734,4676
2029225397245329409,2029225391482355713,发电能力(MW),,江苏省交易中心数据-分省可再生能源发电能力预测,,,2026-03-05,Thu Mar 05 23:00:09 CST 2026,,4424,4427,4433,4466,4465,4453,4435,4414,4332,4220,4105,3998,3895,3798,3707,3625,3554,3497,3443,3399,3375,3357,3341,3328,3333,3384,3498,3700,3972,4189,4448,4726,4968,5103,5370,5498,5669,5747,5798,5903,6014,6077,6090,6128,6010,5938,5857,5733,5644,5443,5374,5205,5056,4954,4837,4660,4584,4389,4273,4197,4020,3775,3567,3324,3117,2939,2670,2446,2231,2041,1863,1747,1705,1718,1745,1783,1825,1873,1916,1965,2015,2084,2154,2228,2313,2405,2511,2626,2730,2843,2957,3074,3167,3255,3350,3455
2029587786541187073,2029587780706910209,发电能力(MW),,江苏省交易中心数据-分省可再生能源发电能力预测,,,2026-03-06,Fri Mar 06 23:00:10 CST 2026,,2925,3045,3177,3323,3496,3701,3925,4167,4421,4681,4941,5200,5483,5795,6100,6409,6709,7038,7356,7678,7961,8226,8501,8778,9067,9409,9971,10768,11580,12500,13487,14513,15607,16699,17847,18836,19702,20468,21212,21929,22556,23105,23663,24017,24326,24622,24791,24939,25091,25134,25076,25010,24856,24614,24291,23858,23468,23025,22515,21853,21059,20214,19358,18415,17390,16468,15502,14624,13840,13077,12474,12090,11930,11850,11762,11631,11530,11400,11274,11133,10962,10784,10601,10420,10194,9944,9686,9419,9124,8850,8580,8327,8080,7858,7650,7463
2029950173534371841,2029950167658151937,发电能力(MW),,江苏省交易中心数据-分省可再生能源发电能力预测,,,2026-03-07,Sat Mar 07 23:00:09 CST 2026,,6473,6320,6178,6052,5963,5905,5859,5825,5839,5894,5960,6039,6102,6156,6207,6254,6284,6309,6342,6373,6381,6370,6358,6336,6334,6389,6644,7143,7675,8314,9094,9973,10945,11954,12989,13938,14736,15503,16175,16724,17245,17683,18116,18334,18550,18747,18766,18814,18825,18770,18653,18493,18258,17908,17486,16989,16410,15781,15107,14300,13361,12372,11386,10308,9212,8199,7239,6376,5685,5071,4660,4420,4428,4493,4583,4663,4687,4699,4696,4671,4618,4579,4541,4515,4464,4412,4368,4333,4211,4083,3944,3800,3643,3489,3326,3165
2030312562826035201,2030312557063061506,发电能力(MW),,江苏省交易中心数据-分省可再生能源发电能力预测,,,2026-03-08,Sun Mar 08 23:00:10 CST 2026,,3074,3006,2942,2882,2831,2781,2724,2671,2630,2594,2565,2542,2525,2509,2492,2476,2467,2466,2468,2477,2498,2521,2545,2576,2632,2761,3006,3418,3852,4305,4878,5496,6224,6935,7756,8538,9282,9972,10683,11352,11972,12510,13085,13479,13848,14142,14337,14536,14617,14542,14412,14061,13668,13272,12815,12259,11729,11111,10470,9731,8915,8092,7307,6502,5711,4998,4288,3715,3203,2767,2446,2260,2320,2465,2619,2776,2907,3031,3143,3237,3272,3292,3308,3318,3256,3172,3080,2987,2859,2735,2608,2481,2331,2186,2038,1903
2030674960015572993,2030674954109992962,发电能力(MW),,江苏省交易中心数据-分省可再生能源发电能力预测,,,2026-03-09,Mon Mar 09 23:00:10 CST 2026,,1583,1495,1418,1352,1298,1256,1220,1189,1174,1170,1171,1179,1205,1245,1290,1343,1413,1491,1574,1663,1761,1865,1977,2097,2259,2524,3020,3705,4429,5203,6106,7051,8085,9147,10248,11262,12182,13086,13918,14701,15441,16113,16817,17331,17853,18318,18655,19046,19330,19504,19591,19628,19623,19523,19375,19157,18886,18550,18216,17733,17109,16422,15760,14924,14013,13096,12153,11245,10409,9631,8923,8378,8114,7934,7765,7613,7403,7170,6931,6662,6397,6122,5852,5587,5306,5026,4749,4490,4232,4011,3789,3591,3406,3245,3088,2950
2031037335822548994,2031037329912774658,发电能力(MW),,江苏省交易中心数据-分省可再生能源发电能力预测,,,2026-03-10,Tue Mar 10 23:00:10 CST 2026,,2550,2473,2399,2332,2272,2220,2172,2129,2093,2062,2035,2011,1995,1985,1978,1972,1972,1977,1984,1993,2010,2030,2051,2075,2123,2284,2732,3429,4175,5023,6017,7063,8160,9292,10390,11375,12223,13059,13800,14441,15028,15514,16012,16323,16561,16720,16826,16907,16963,16941,16908,16826,16663,16423,16094,15701,15253,14755,14187,13494,12714,11843,11046,10113,9171,8321,7505,6781,6179,5781,5566,5524,5852,6275,6711,7144,7582,8015,8449,8845,9185,9476,9762,10032,10232,10389,10537,10648,10655,10648,10611,10542,10427,10292,10152,10004
2031399730067685377,2031399724187271170,发电能力(MW),,江苏省交易中心数据-分省可再生能源发电能力预测,,,2026-03-11,Mon Mar 30 17:33:23 CST 2026,,10833,10656,10472,10268,10008,9715,9399,9079,8747,8421,8109,7805,7513,7238,6974,6729,6519,6322,6121,5935,5731,5524,5312,5093,4845,4664,4647,4718,4861,5024,5262,5511,5857,6204,6650,7114,7517,7922,8344,8772,9255,9760,10225,10597,10901,11214,11392,11564,11740,11824,11793,11730,11643,11488,11288,10998,10668,10323,9876,9377,8718,8005,7331,6588,5851,5146,4445,3791,3241,2742,2328,2045,2047,2129,2221,2316,2396,2470,2542,2601,2628,2629,2623,2608,2573,2526,2475,2426,2361,2310,2260,2213,2158,2108,2060,2011
2037107341438107650,2037107335448641538,发电能力(MW),,江苏省交易中心数据-分省可再生能源发电能力预测,,,2026-03-26,Tue Mar 31 01:52:48 CST 2026,,2564,2544,2524,2500,2468,2429,2394,2358,2313,2270,2226,2180,2128,2088,2049,2016,1983,1952,1921,1891,1865,1840,1825,1937,2069,2447,2852,3424,3985,4607,5293,6068,6943,7831,8726,9590,10284,10950,11595,12047,12483,12850,13217,13482,13689,13903,13938,14068,14103,14101,14015,13805,13549,13231,12905,12481,11904,11316,10725,10085,9484,8888,8244,7697,7123,6583,6059,5580,5184,4887,4633,4482,4437,4425,4552,4680,4739,4830,4911,4980,5009,5013,5002,4979,4938,4883,4835,4777,4720,4658,4598,4533,4427,4310,4193,4072
2037127864708653058,2037127858723381249,发电能力(MW),,江苏省交易中心数据-分省可再生能源发电能力预测,,,2026-03-13,Mon Mar 30 18:40:10 CST 2026,,2339,2276,2220,2169,2125,2091,2061,2040,2037,2053,2076,2110,2139,2167,2193,2215,2233,2254,2275,2294,2325,2353,2383,2418,2491,2650,3106,3737,4428,5169,6076,7035,8047,9121,10193,11134,12007,12832,13574,14194,14801,15283,15757,16044,16280,16481,16533,16618,16676,16623,16563,16469,16277,15983,15631,15212,14726,14171,13590,12857,12022,11122,10272,9292,8327,7452,6570,5792,5157,4662,4323,4130,4375,4752,5146,5543,5939,6326,6708,7063,7343,7584,7805,8001,8154,8291,8431,8556,8595,8625,8637,8625,8554,8453,8331,8197
2037136009719865346,2037136003680067585,发电能力(MW),,江苏省交易中心数据-分省可再生能源发电能力预测,,,2026-03-14,Mon Mar 30 19:13:37 CST 2026,,9417,9273,9122,8959,8764,8538,8296,8033,7718,7390,7059,6721,6411,6123,5845,5590,5384,5221,5084,4967,4905,4872,4844,4826,4925,5161,5654,6336,7097,7920,8878,9897,10938,11964,13035,13939,14737,15478,16188,16793,17346,17770,18231,18510,18822,19096,19247,19482,19614,19656,19722,19635,19573,19417,19143,18786,18371,17929,17444,16841,16118,15391,14716,13942,13111,12356,11615,10965,10405,9970,9599,9382,9473,9629,9788,9931,10016,10053,10074,10061,9962,9828,9676,9475,9289,9069,8870,8643,8418,8183,7936,7684,7422,7165,6905,6649
2037197932960309249,2037197926886957057,发电能力(MW),,江苏省交易中心数据-分省可再生能源发电能力预测,,,2026-03-27,Fri Mar 27 23:00:10 CST 2026,,4572,4374,4182,3991,3773,3555,3341,3132,2930,2764,2609,2475,2347,2230,2110,2005,1911,1841,1783,1735,1690,1653,1632,1741,1873,2145,2527,2987,3436,3990,4661,5428,6224,7076,8007,8807,9569,10346,11001,11601,12142,12690,13177,13553,13848,14072,14254,14404,14481,14462,14451,14420,14244,14099,13832,13529,13120,12593,11984,11304,10542,9741,8880,7995,7010,6058,5178,4270,3531,2860,2298,1869,1744,1665,1763,1866,1991,2143,2310,2484,2653,2816,2965,3093,3221,3365,3527,3681,3841,3996,4140,4280,4347,4395,4437,4482
2038558574313107457,2038558568256532481,发电能力(MW),,江苏省交易中心数据-分省可再生能源发电能力预测,,,2026-03-12,Mon Mar 30 18:06:52 CST 2026,,1791,1767,1745,1729,1726,1733,1747,1766,1807,1860,1917,1981,2062,2159,2267,2378,2501,2638,2779,2927,3081,3229,3396,3568,3782,4081,4632,5361,6093,6862,7758,8698,9730,10773,11885,12869,13734,14560,15367,16013,16668,17162,17692,17990,18241,18418,18454,18484,18487,18391,18340,18139,17970,17748,17473,17100,16632,16179,15669,15010,14230,13389,12595,11706,10737,9803,8881,8043,7335,6588,5964,5501,5371,5342,5324,5304,5257,5196,5131,5054,4913,4754,4588,4417,4215,4005,3802,3605,3400,3225,3054,2891,2742,2611,2486,2375
2038583754745868290,2038583748580241409,发电能力(MW),,江苏省交易中心数据-分省可再生能源发电能力预测,,,2026-03-15,Mon Mar 30 19:46:55 CST 2026,,5456,5227,5004,4781,4571,4383,4198,4027,3890,3779,3678,3596,3550,3537,3534,3543,3572,3632,3682,3736,3782,3845,3908,3974,4082,4216,4408,4640,4916,5098,5324,5519,5774,5963,6295,6450,6670,6777,6874,6970,7059,7111,7052,7051,6932,6838,6726,6587,6482,6283,6276,6041,5871,5720,5608,5382,5236,5066,4903,4755,4565,4320,4147,3875,3665,3472,3233,3027,2889,2690,2541,2433,2451,2530,2609,2680,2743,2786,2823,2845,2826,2775,2716,2651,2567,2479,2395,2313,2220,2151,2075,2000,1923,1854,1787,1730
2038592136617816065,2038592130393468929,发电能力(MW),,江苏省交易中心数据-分省可再生能源发电能力预测,,,2026-03-16,Mon Mar 30 20:20:14 CST 2026,,1926,1879,1822,1767,1714,1665,1618,1575,1542,1521,1501,1486,1484,1489,1493,1500,1516,1537,1564,1591,1611,1627,1643,1665,1726,1842,1971,2127,2327,2445,2598,2831,2988,3110,3341,3508,3662,3812,3940,4133,4282,4427,4605,4735,4812,4850,4914,4968,4994,4914,5008,4964,4894,4900,4948,4934,4908,4880,4833,4785,4651,4471,4271,4047,3790,3583,3275,2990,2791,2518,2292,2111,2065,2097,2139,2180,2214,2248,2280,2314,2331,2337,2340,2339,2325,2301,2277,2253,2216,2186,2155,2124,2090,2055,2022,1986
2038600535698993154,2038600529470451713,发电能力(MW),,江苏省交易中心数据-分省可再生能源发电能力预测,,,2026-03-17,Mon Mar 30 20:53:36 CST 2026,,1724,1700,1679,1657,1644,1637,1632,1630,1633,1638,1646,1657,1686,1722,1762,1808,1872,1951,2036,2129,2246,2365,2504,2659,2872,3165,3559,3976,4509,4942,5434,5951,6484,6906,7435,7903,8376,8740,9167,9457,9725,9935,10035,10128,10187,10187,10188,10131,10079,9927,9845,9584,9384,9233,9093,8886,8719,8570,8412,8285,8122,7942,7863,7777,7677,7611,7546,7503,7486,7490,7481,7488,7580,7723,7882,8059,8112,8145,8141,8099,8046,8017,7979,7961,7835,7646,7460,7280,7017,6733,6502,6284,6085,5890,5700,5512
2038608862726221826,2038608856451543042,发电能力(MW),,江苏省交易中心数据-分省可再生能源发电能力预测,,,2026-03-18,Mon Mar 30 21:26:42 CST 2026,,4870,4647,4419,4199,4000,3813,3645,3491,3355,3244,3142,3053,2995,2955,2929,2922,2926,2955,2994,3040,3115,3203,3316,3459,3654,3913,4220,4574,4986,5347,5795,6192,6748,7184,7753,8316,8902,9419,10019,10668,11247,11794,12305,12742,13091,13361,13666,14035,14337,14489,14778,14877,14880,14959,14945,14785,14645,14415,14228,14012,13690,13309,13049,12707,12358,11950,11502,11032,10604,10065,9575,9107,8768,8520,8305,8104,7876,7624,7385,7148,6880,6631,6359,6121,5919,5738,5576,5437,5310,5209,5121,5042,4954,4865,4773,4689
2038617255436251137,2038617249081880578,发电能力(MW),,江苏省交易中心数据-分省可再生能源发电能力预测,,,2026-03-19,Mon Mar 30 22:00:03 CST 2026,,3384,3352,3318,3292,3259,3223,3188,3146,3112,3079,3045,3012,2988,2965,2946,2929,2907,2883,2862,2837,2791,2736,2673,2614,2621,2763,3089,3528,3999,4489,5094,5747,6449,7252,8052,8765,9430,10063,10674,11223,11704,12164,12566,12840,13078,13294,13390,13472,13489,13488,13353,13173,12937,12606,12237,11789,11247,10661,10042,9350,8591,7810,7084,6278,5477,4711,4002,3307,2716,2196,1771,1439,1378,1416,1484,1553,1632,1724,1815,1905,1989,2064,2139,2211,2267,2314,2365,2412,2450,2480,2508,2530,2523,2503,2478,2449
2038625504986296322,2038625498657091586,发电能力(MW),,江苏省交易中心数据-分省可再生能源发电能力预测,,,2026-03-20,Mon Mar 30 22:32:49 CST 2026,,2148,2110,2071,2032,1982,1928,1872,1814,1752,1693,1630,1566,1500,1434,1372,1313,1267,1232,1200,1172,1153,1140,1131,1132,1242,1529,1957,2509,3078,3688,4384,5134,5951,6796,7617,8339,9003,9637,10136,10576,10900,11186,11412,11470,11539,11548,11522,11428,11339,11200,11029,10818,10547,10219,9852,9451,9020,8580,8123,7617,7020,6519,6086,5553,5054,4547,4058,3599,3178,2779,2483,2236,2275,2428,2626,2831,3026,3226,3424,3610,3749,3867,3979,4084,4144,4185,4225,4248,4251,4230,4205,4173,4101,4009,3906,3789
2038633904516263938,2038633898279333889,发电能力(MW),,江苏省交易中心数据-分省可再生能源发电能力预测,,,2026-03-21,Mon Mar 30 23:06:12 CST 2026,,3653,3546,3466,3373,3278,3183,3090,2995,2902,2816,2731,2646,2569,2497,2428,2362,2312,2275,2243,2216,2203,2200,2212,2229,2371,2740,3333,4058,4836,5695,6652,7622,8692,9738,10780,11704,12559,13348,14103,14775,15336,15820,16276,16622,16873,17093,17289,17436,17580,17626,17607,17581,17516,17351,17130,16888,16531,16150,15681,15174,14591,13987,13443,12760,12047,11356,10696,10088,9573,9127,8829,8620,8825,9045,9370,9678,9943,10166,10389,10544,10654,10720,10757,10773,10742,10685,10632,10565,10502,10423,10354,10284,10090,9910,9722,9556
2038642213700923394,2038642207329775618,发电能力(MW),,江苏省交易中心数据-分省可再生能源发电能力预测,,,2026-03-22,Mon Mar 30 23:39:13 CST 2026,,8509,8317,8126,7935,7726,7523,7313,7101,6900,6720,6542,6366,6200,6049,5902,5754,5613,5480,5347,5218,5081,4944,4799,4758,4704,4775,5006,5291,5605,5920,6357,6827,7421,7977,8598,9200,9724,10252,10737,11172,11571,11947,12264,12459,12698,12915,12952,13046,13049,13026,12922,12761,12503,12300,11976,11610,11153,10798,10236,9665,8907,8201,7383,6586,5741,4930,4181,3384,2772,2134,1598,1193,1046,925,946,971,1000,1033,1069,1106,1136,1161,1183,1202,1210,1211,1212,1218,1220,1227,1234,1245,1253,1261,1270,1285
2038650634802196481,2038650628447825922,发电能力(MW),,江苏省交易中心数据-分省可再生能源发电能力预测,,,2026-03-23,Tue Mar 31 00:12:41 CST 2026,,1459,1479,1501,1527,1570,1627,1690,1760,1861,1986,2127,2280,2493,2750,3048,3386,3725,4082,4424,4755,5017,5265,5504,5860,6126,6623,7277,7987,8709,9431,10258,11152,11980,12787,13504,14126,14766,15310,15882,16393,16764,17028,17185,17267,17391,17385,17401,17384,17266,17191,16930,16635,16286,15855,15307,14779,14137,13406,12720,12036,11325,10610,9948,9317,8726,8136,7605,7183,6755,6424,6124,5875,5859,5762,5829,5893,5897,5879,5854,5813,5653,5450,5233,5023,4805,4599,4396,4183,4017,3870,3740,3621,3493,3367,3247,3128
2038659023120789506,2038659016569286658,发电能力(MW),,江苏省交易中心数据-分省可再生能源发电能力预测,,,2026-03-24,Tue Mar 31 00:46:01 CST 2026,,2247,2157,2067,1978,1898,1829,1762,1701,1650,1609,1572,1540,1518,1500,1486,1474,1462,1457,1453,1451,1452,1452,1453,1594,1654,1820,2016,2207,2531,2769,3024,3313,3645,4004,4347,4693,5074,5357,5697,6009,6233,6449,6696,6802,7018,7148,7212,7232,7224,7226,7175,7058,6953,6786,6641,6397,6162,5846,5578,5286,4911,4611,4216,3841,3462,3134,2749,2436,2168,1908,1637,1455,1374,1273,1290,1309,1320,1326,1329,1329,1327,1320,1312,1305,1285,1266,1247,1229,1211,1196,1184,1171,1152,1140,1126,1116
2038667427822333953,2038667421413437441,发电能力(MW),,江苏省交易中心数据-分省可再生能源发电能力预测,,,2026-03-25,Tue Mar 31 01:19:25 CST 2026,,984,987,992,997,1004,1015,1028,1039,1052,1067,1084,1102,1121,1139,1170,1194,1212,1230,1252,1276,1288,1294,1300,1421,1600,2013,2615,3308,4097,4980,5881,6824,7896,8967,10076,11007,11810,12543,13292,13872,14401,14813,15124,15330,15521,15646,15680,15734,15721,15606,15483,15219,14966,14617,14194,13728,13159,12452,11750,10984,10114,9199,8326,7394,6442,5515,4674,3850,3145,2563,2019,1669,1624,1523,1608,1698,1780,1860,1938,2011,2069,2120,2168,2206,2235,2260,2287,2309,2331,2348,2364,2375,2373,2362,2351,2341
2072151156618227713,2072151149257224194,发电能力(MW),,江苏省交易中心数据-分省可再生能源发电能力预测,,,2026-06-11,Wed Jul 01 10:51:47 CST 2026,,2628,2566,2505,2442,2378,2317,2267,2210,2157,2106,2055,2004,1941,1874,1812,1752,1690,1635,1584,1616,1736,1972,2296,2724,3265,3959,4777,5645,6535,7446,8413,9300,10149,11044,11812,12535,13184,13764,14215,14621,14884,15116,15308,15448,15548,15635,15649,15676,15719,15701,15697,15634,15607,15571,15314,15169,14935,14588,14197,13797,13274,12721,12215,11637,10979,10303,9622,8929,8284,7633,7154,6821,6564,6382,6227,6219,6272,6507,6727,6942,7090,7221,7356,7492,7560,7603,7645,7686,7674,7637,7586,7493,7308,7093,6866,6631
2072151226457583617,2072151219209826305,发电能力(MW),,江苏省交易中心数据-分省可再生能源发电能力预测,,,2026-06-12,Wed Jul 01 10:52:04 CST 2026,,7143,6906,6685,6472,6294,6113,5980,5808,5661,5493,5317,5142,4974,4821,4665,4519,4381,4249,4122,4072,4136,4297,4496,4771,5106,5536,6089,6675,7260,7915,8532,9212,9841,10475,10982,11515,11960,12501,12916,13317,13581,13832,14049,14201,14410,14509,14526,14536,14596,14652,14525,14331,14181,14063,13729,13658,13404,13095,12942,12746,12484,12260,12026,11867,11650,11469,11289,11059,10817,10549,10386,10292,10287,10246,10231,10284,10410,10604,10800,10980,11113,11235,11353,11468,11549,11617,11674,11722,11738,11742,11743,11729,11668,11584,11482,11390
2072151297043525634,2072151289804156930,发电能力(MW),,江苏省交易中心数据-分省可再生能源发电能力预测,,,2026-06-13,Wed Jul 01 10:52:21 CST 2026,,12272,12101,11929,11767,11543,11319,11080,10808,10528,10250,9963,9663,9407,9170,8916,8678,8441,8212,7989,7835,7758,7809,7914,8077,8357,8750,9276,9840,10470,11108,11856,12572,13271,13965,14599,15134,15696,16256,16620,17009,17277,17493,17746,17976,18263,18458,18624,18799,19060,19285,19424,19571,19722,19895,19899,20103,20139,20129,20168,20210,20248,20190,20166,20054,19783,19496,19088,18711,18335,17934,17604,17324,17187,17060,16922,16913,17005,17169,17319,17457,17510,17536,17550,17546,17501,17440,17388,17308,17177,17034,16893,16745,16548,16323,16063,15792
2072151368594157570,2072151361291874305,发电能力(MW),,江苏省交易中心数据-分省可再生能源发电能力预测,,,2026-06-14,Wed Jul 01 10:52:38 CST 2026,,14896,14651,14396,14135,13891,13647,13400,13144,12896,12661,12429,12199,12029,11887,11760,11628,11512,11427,11332,11311,11378,11550,11798,12197,12657,13111,13746,14381,15111,15797,16487,17103,17835,18387,18944,19526,19976,20480,20973,21304,21580,21878,22168,22389,22607,22866,22936,23035,23171,23277,23256,23074,22868,22689,22302,22010,21698,21263,20788,20267,19566,18968,18392,17747,17078,16431,15710,14931,14243,13451,12765,12207,11650,11175,10731,10394,10213,10116,9968,9868,9716,9560,9400,9237,9035,8830,8633,8440,8241,8034,7821,7599,7371,7134,6883,6623
2072151440044126209,2072151432800563202,发电能力(MW),,江苏省交易中心数据-分省可再生能源发电能力预测,,,2026-06-15,Wed Jul 01 10:52:55 CST 2026,,6313,6034,5767,5507,5271,5054,4843,4642,4468,4320,4187,4068,4027,4027,4050,4101,4186,4292,4407,4594,4882,5264,5703,6257,6817,7425,8127,8875,9617,10470,11242,12040,12826,13589,14202,14793,15316,15814,16208,16503,16702,16908,17204,17274,17462,17499,17548,17519,17571,17504,17385,17196,17080,16933,16482,16266,15898,15460,15014,14543,14013,13407,12739,12095,11456,10798,10104,9448,8843,8231,7708,7360,7065,6809,6564,6435,6444,6547,6644,6736,6790,6817,6833,6840,6819,6781,6749,6720,6654,6566,6469,6362,6241,6111,5983,5876
2072151516304961537,2072151509044621314,发电能力(MW),,江苏省交易中心数据-分省可再生能源发电能力预测,,,2026-06-16,Wed Jul 01 10:53:13 CST 2026,,6497,6293,6090,5890,5732,5592,5462,5339,5210,5093,4981,4872,4783,4708,4639,4577,4557,4550,4549,4623,4810,5145,5519,5944,6434,6979,7642,8330,9036,9777,10503,11272,12023,12714,13291,13868,14404,14992,15613,16108,16428,16744,17121,17281,17586,17706,17774,17827,17906,17897,17777,17632,17459,17343,17049,16887,16561,16230,15946,15525,15111,14627,14148,13544,12969,12388,11748,11126,10574,10002,9526,9091,8813,8581,8334,8188,8176,8235,8288,8334,8321,8286,8242,8182,8094,7988,7881,7768,7607,7422,7225,7016,6792,6564,6334,6108
2072151593807310850,2072151586429530114,发电能力(MW),,江苏省交易中心数据-分省可再生能源发电能力预测,,,2026-06-17,Wed Jul 01 10:53:32 CST 2026,,4185,4021,3861,3701,3534,3371,3215,3063,2931,2807,2685,2573,2479,2403,2340,2284,2254,2232,2211,2264,2411,2668,2969,3331,3794,4323,5013,5731,6478,7317,8141,8970,9790,10552,11165,11851,12458,13183,13745,14181,14548,14796,15157,15431,15674,15841,15883,15874,15961,15932,15876,15767,15688,15540,15125,14985,14566,14110,13746,13140,12509,11829,11160,10381,9564,8724,7847,7003,6273,5575,4977,4541,4193,3901,3606,3472,3473,3583,3686,3781,3845,3866,3874,3867,3829,3777,3718,3662,3589,3512,3438,3358,3261,3161,3065,2980
2072151673712996354,2072151666435878913,发电能力(MW),,江苏省交易中心数据-分省可再生能源发电能力预测,,,2026-06-18,Wed Jul 01 10:53:51 CST 2026,,2114,2033,1952,1875,1798,1725,1656,1585,1531,1483,1439,1397,1364,1342,1318,1299,1301,1303,1310,1377,1522,1750,2070,2463,2873,3269,3755,4252,4818,5352,5906,6433,6940,7404,7801,8246,8564,8933,9286,9518,9570,9732,9798,9795,9815,9804,9648,9604,9478,9452,9328,9040,8741,8471,8129,7879,7621,7358,7044,6659,6162,5826,5379,5053,4709,4370,4059,3733,3427,3121,2859,2624,2460,2336,2228,2164,2136,2194,2254,2313,2352,2378,2401,2421,2414,2397,2376,2360,2329,2294,2259,2222,2196,2169,2146,2126
2072151744907112450,2072151737659355138,发电能力(MW),,江苏省交易中心数据-分省可再生能源发电能力预测,,,2026-06-19,Wed Jul 01 10:54:08 CST 2026,,2432,2364,2294,2228,2170,2123,2081,2045,2033,2035,2043,2058,2092,2132,2175,2224,2283,2353,2428,2553,2718,2937,3176,3461,3710,3953,4203,4472,4801,5102,5392,5594,5842,6196,6454,6775,7089,7373,7713,7893,8067,8217,8489,8734,8891,9043,9120,9112,9173,9120,9202,9139,9049,9039,8951,8925,8824,8783,8678,8532,8296,8188,8079,7992,7865,7676,7512,7292,7103,6910,6793,6662,6585,6507,6397,6361,6340,6403,6476,6541,6506,6505,6485,6453,6361,6249,6113,5974,5853,5764,5691,5658,5602,5589,5642,5779
2072151816436772865,2072151809117712385,发电能力(MW),,江苏省交易中心数据-分省可再生能源发电能力预测,,,2026-06-20,Wed Jul 01 10:54:25 CST 2026,,6762,6769,6792,6838,6916,7019,7133,7255,7296,7312,7324,7335,7274,7203,7171,7108,7021,6917,6794,6710,6697,6805,6971,7258,7507,7841,8289,8698,9251,9740,10265,10726,11265,11636,11956,12273,12615,13045,13395,13622,13709,13755,13831,13855,13903,13960,13843,13831,13740,13759,13519,13302,13004,12651,12244,11915,11578,11129,10623,10045,9347,8708,8085,7442,6750,6094,5357,4757,4135,3501,2885,2408,1995,1635,1294,1038,919,928,941,956,970,989,1007,1027,1049,1073,1097,1127,1145,1161,1175,1187,1188,1184,1179,1175
2072151888432001026,2072151881129717761,发电能力(MW),,江苏省交易中心数据-分省可再生能源发电能力预测,,,2026-06-21,Wed Jul 01 10:54:42 CST 2026,,2093,2104,2115,2102,2078,2043,2003,1958,1913,1866,1820,1774,1711,1646,1579,1517,1466,1416,1362,1365,1415,1600,1880,2236,2663,3044,3523,3973,4567,5078,5580,6080,6530,6990,7417,7807,8182,8573,8897,9087,9157,9228,9275,9300,9295,9375,9320,9269,9124,8955,8808,8510,8164,7898,7509,7216,6879,6541,6231,5940,5554,5298,5042,4764,4522,4259,4000,3741,3470,3273,3079,2885,2764,2659,2576,2501,2495,2573,2653,2733,2797,2863,2924,2987,3069,3160,3263,3391,3482,3580,3687,3803,3851,3875,3884,3878
2072151961060569089,2072151953661816833,发电能力(MW),,江苏省交易中心数据-分省可再生能源发电能力预测,,,2026-06-22,Wed Jul 01 10:54:59 CST 2026,,2594,2597,2602,2602,2607,2617,2628,2640,2660,2680,2701,2729,2759,2799,2844,2889,2973,3071,3182,3341,3559,3823,4137,4481,4832,5157,5537,5880,6255,6622,6983,7255,7616,8065,8418,8901,9318,9735,10072,10345,10474,10798,11038,11262,11529,11625,11595,11641,11681,11628,11656,11500,11416,11229,10984,10838,10598,10324,10164,9824,9417,9189,8795,8387,8111,7735,7428,7078,6774,6494,6221,5996,5827,5709,5576,5463,5415,5470,5537,5616,5675,5769,5869,5889,5942,5973,5990,5993,6005,6025,6052,6089,6134,6184,6239,6298
2072152032976105474,2072152025589936129,发电能力(MW),,江苏省交易中心数据-分省可再生能源发电能力预测,,,2026-06-23,Wed Jul 01 10:55:16 CST 2026,,7327,7264,7207,7144,7107,7074,7042,7016,7005,7003,7009,7022,7063,7126,7209,7308,7460,7636,7824,8074,8343,8681,9096,9575,10043,10562,11161,11718,12363,12953,13543,14025,14550,14984,15310,15768,16079,16401,16831,16939,17014,17178,17340,17337,17477,17447,17305,17301,17186,17115,17090,16894,16714,16499,16240,16108,15909,15649,15465,15208,14795,14499,14089,13710,13264,12823,12371,11921,11505,11073,10648,10345,10075,9867,9632,9446,9355,9310,9290,9261,9165,9079,8988,8889,8751,8598,8436,8273,8112,7953,7796,7650,7524,7411,7304,7205
2072152108465188866,2072152101276151809,发电能力(MW),,江苏省交易中心数据-分省可再生能源发电能力预测,,,2026-06-24,Wed Jul 01 10:55:34 CST 2026,,8543,8505,8479,8466,8505,8557,8613,8674,8725,8803,8886,8964,9011,9057,9099,9128,9158,9181,9193,9234,9343,9538,9782,10189,10533,10877,11304,11700,12140,12495,12853,13116,13515,13800,13973,14162,14346,14469,14764,14842,14862,14916,14967,14876,14917,14865,14642,14501,14388,14384,14195,14095,13887,13699,13418,13241,13071,12793,12416,11999,11420,10886,10290,9598,8922,8251,7508,6795,6177,5447,4771,4236,3715,3315,2900,2596,2407,2305,2232,2165,2105,2019,1935,1854,1778,1709,1648,1595,1552,1511,1471,1435,1394,1357,1365,1353
2072152184046546946,2072152176668766209,发电能力(MW),,江苏省交易中心数据-分省可再生能源发电能力预测,,,2026-06-25,Wed Jul 01 10:55:52 CST 2026,,972,956,925,900,933,861,842,825,812,805,799,797,801,811,824,840,870,903,943,1046,1251,1573,1951,2392,2977,3629,4447,5277,6205,7123,8069,9044,9952,10943,11768,12509,13216,13935,14420,14893,15243,15507,15775,15980,16029,16028,16072,15979,15934,15841,15656,15400,15203,14789,14346,13967,13469,12838,12205,11589,10809,10001,9225,8438,7605,6764,5879,5003,4264,3549,2902,2384,1966,1640,1301,1061,989,1007,1050,1090,1122,1150,1178,1206,1227,1249,1271,1294,1318,1342,1368,1388,1393,1390,1385,1377
2072152257262317570,2072152249880342529,发电能力(MW),,江苏省交易中心数据-分省可再生能源发电能力预测,,,2026-06-26,Wed Jul 01 10:56:10 CST 2026,,1462,1472,1484,1495,1510,1528,1547,1566,1579,1597,1618,1638,1661,1687,1716,1746,1780,1816,1853,1959,2138,2413,2782,3243,3825,4465,5259,6104,6976,7894,8876,9780,10622,11515,12209,12882,13515,14168,14542,14765,15033,15111,15300,15449,15408,15251,15178,14975,14823,14605,14455,14181,14047,13747,13245,13084,12585,12064,11553,10959,10325,9640,8985,8328,7615,6950,6213,5503,4781,4141,3533,3072,2688,2349,2014,1765,1626,1572,1551,1523,1482,1438,1393,1345,1292,1240,1191,1140,1099,1059,1020,985,958,936,913,897
2072152329119133697,2072152321812656130,发电能力(MW),,江苏省交易中心数据-分省可再生能源发电能力预测,,,2026-06-27,Wed Jul 01 10:56:27 CST 2026,,856,832,808,783,767,752,738,727,718,712,706,700,691,685,679,673,670,667,667,731,881,1161,1532,1975,2556,3295,4167,5090,6085,7129,8218,9310,10330,11399,12340,13183,14029,14834,15485,15995,16436,16710,16999,17171,17324,17308,17418,17344,17322,17258,17160,16982,16850,16555,16120,15740,15366,14770,14142,13551,12709,11934,11024,10134,9284,8381,7509,6513,5714,4917,4252,3724,3359,3108,2882,2742,2775,2915,3095,3271,3408,3527,3639,3741,3815,3882,3949,4017,4077,4131,4188,4243,4279,4306,4325,4334
2072152400934006785,2072152393497505794,发电能力(MW),,江苏省交易中心数据-分省可再生能源发电能力预测,,,2026-06-28,Wed Jul 01 10:56:44 CST 2026,,3415,3375,3329,3274,3201,3116,3028,2929,2819,2710,2601,2489,2380,2276,2175,2077,1983,1887,1797,1769,1853,2050,2381,2797,3354,4098,4947,5866,6838,7892,8986,10054,11038,12085,12977,13863,14794,15615,16280,16885,17361,17726,18068,18369,18507,18526,18756,18736,18766,18816,18816,18677,18546,18350,18022,17640,17390,16962,16421,15989,15319,14668,13926,13117,12449,11665,10909,10094,9356,8707,8173,7750,7497,7336,7234,7174,7248,7405,7594,7765,7860,7923,7972,7999,7976,7936,7905,7871,7808,7727,7635,7534,7389,7235,7068,6899
2072152472073596930,2072152464804868098,发电能力(MW),,江苏省交易中心数据-分省可再生能源发电能力预测,,,2026-06-29,Wed Jul 01 10:57:01 CST 2026,,7739,7501,7259,7016,6824,6648,6482,6327,6203,6109,6027,5958,5916,5889,5867,5853,5853,5868,5883,5955,6109,6365,6718,7156,7708,8334,9040,9728,10427,11274,12136,12884,13721,14538,15251,16011,16760,17436,18058,18462,19034,19457,19838,20189,20375,20480,20627,20503,20401,20367,20338,20122,19963,19730,19443,19327,18867,18569,18323,18112,17761,17416,16901,16446,16117,15646,15160,14737,14199,13704,13324,12976,12783,12605,12421,12255,12183,12167,12179,12180,12074,11937,11785,11606,11378,11102,10826,10549,10232,9932,9625,9313,8993,8682,8391,8117
2072152544651833345,2072152537265664002,发电能力(MW),,江苏省交易中心数据-分省可再生能源发电能力预测,,,2026-06-30,Wed Jul 01 10:57:18 CST 2026,,6807,6616,6422,6228,6071,5916,5779,5630,5469,5320,5187,5042,4936,4828,4761,4676,4582,4519,4473,4521,4580,4662,4777,5003,5286,5606,5960,6331,6761,7350,7902,8413,8950,9426,9884,10385,10783,11253,11520,11789,12110,12438,12749,12960,13110,13139,13287,13274,13293,13343,13412,13239,13071,12815,12630,12493,12024,11722,11250,10998,10588,10157,9529,8914,8467,7858,7343,6851,6297,5839,5423,5079,4829,4591,4388,4221,4123,4076,4110,4098,4038,3971,3866,3779,3644,3514,3410,3301,3204,3099,3025,2954,2865,2760,2670,2579
2072152615061614593,2072152607801274369,发电能力(MW),,江苏省交易中心数据-分省可再生能源发电能力预测,,,2026-07-01,Wed Jul 01 19:00:13 CST 2026,,2437,2317,2190,2052,1951,1872,1783,1711,1669,1619,1547,1517,1476,1461,1450,1424,1412,1397,1410,1455,1532,1681,1894,2179,2546,2872,3257,3657,4074,4498,5043,5431,5956,6585,7128,7673,8111,8556,9020,9275,9587,9882,10215,10388,10446,10505,10600,10611,10574,10576,10518,10298,9948,9516,9266,9116,8862,8560,8202,7924,7603,7170,6715,6222,5801,5407,4884,4466,4008,3590,3220,2900,2738,2526,2351,2215,2144,2152,2208,2260,2311,2349,2383,2421,2423,2424,2418,2399,2382,2366,2345,2329,2290,2269,2245,2215
